,d__Bacteria|p__Actinomycetota|c__Actinomycetes|o__Actinomycetales|f__Actinomycetaceae,d__Bacteria|p__Actinomycetota|c__Actinomycetes|o__Bifidobacteriales|f__Bifidobacteriaceae,d__Bacteria|p__Actinomycetota|c__Actinomycetes|o__Geodermatophilales|f__Geodermatophilaceae,d__Bacteria|p__Actinomycetota|c__Actinomycetes|o__Kineosporiales|f__Kineosporiaceae,d__Bacteria|p__Actinomycetota|c__Actinomycetes|o__Kitasatosporales|f__Streptomycetaceae,d__Bacteria|p__Actinomycetota|c__Actinomycetes|o__Micrococcales|f__Bogoriellaceae,d__Bacteria|p__Actinomycetota|c__Actinomycetes|o__Micrococcales|f__Brevibacteriaceae,d__Bacteria|p__Actinomycetota|c__Actinomycetes|o__Micrococcales|f__Cellulomonadaceae,d__Bacteria|p__Actinomycetota|c__Actinomycetes|o__Micrococcales|f__Demequinaceae,d__Bacteria|p__Actinomycetota|c__Actinomycetes|o__Micrococcales|f__Dermabacteraceae,d__Bacteria|p__Actinomycetota|c__Actinomycetes|o__Micrococcales|f__Dermacoccaceae,d__Bacteria|p__Actinomycetota|c__Actinomycetes|o__Micrococcales|f__Intrasporangiaceae,d__Bacteria|p__Actinomycetota|c__Actinomycetes|o__Micrococcales|f__Kytococcaceae,d__Bacteria|p__Actinomycetota|c__Actinomycetes|o__Micrococcales|f__Microbacteriaceae,d__Bacteria|p__Actinomycetota|c__Actinomycetes|o__Micrococcales|f__Micrococcaceae,d__Bacteria|p__Actinomycetota|c__Actinomycetes|o__Micrococcales|f__Ornithinimicrobiaceae,d__Bacteria|p__Actinomycetota|c__Actinomycetes|o__Micrococcales|f__Promicromonosporaceae,d__Bacteria|p__Actinomycetota|c__Actinomycetes|o__Micrococcales|f__Sanguibacteraceae,d__Bacteria|p__Actinomycetota|c__Actinomycetes|o__Micromonosporales|f__Micromonosporaceae,d__Bacteria|p__Actinomycetota|c__Actinomycetes|o__Mycobacteriales|f__Corynebacteriaceae,d__Bacteria|p__Actinomycetota|c__Actinomycetes|o__Mycobacteriales|f__Dietziaceae,d__Bacteria|p__Actinomycetota|c__Actinomycetes|o__Mycobacteriales|f__Gordoniaceae,d__Bacteria|p__Actinomycetota|c__Actinomycetes|o__Mycobacteriales|f__Lawsonellaceae,d__Bacteria|p__Actinomycetota|c__Actinomycetes|o__Mycobacteriales|f__Mycobacteriaceae,d__Bacteria|p__Actinomycetota|c__Actinomycetes|o__Mycobacteriales|f__Nocardiaceae,d__Bacteria|p__Actinomycetota|c__Actinomycetes|o__Propionibacteriales|f__Nocardioidaceae,d__Bacteria|p__Actinomycetota|c__Actinomycetes|o__Propionibacteriales|f__Propionibacteriaceae,d__Bacteria|p__Actinomycetota|c__Actinomycetes|o__Pseudonocardiales|f__Pseudonocardiaceae,d__Bacteria|p__Actinomycetota|c__Actinomycetes|o__Streptosporangiales|f__Nocardiopsaceae,d__Bacteria|p__Actinomycetota|c__Actinomycetes|o__Streptosporangiales|f__Streptosporangiaceae,d__Bacteria|p__Actinomycetota|c__Actinomycetes|o__Streptosporangiales|f__Thermomonosporaceae,d__Bacteria|p__Actinomycetota|c__Coriobacteriia|o__Coriobacteriales|f__Atopobiaceae,d__Bacteria|p__Actinomycetota|c__Coriobacteriia|o__Coriobacteriales|f__Coriobacteriaceae,d__Bacteria|p__Actinomycetota|c__Coriobacteriia|o__Eggerthellales|f__Eggerthellaceae,d__Bacteria|p__Bacillota|c__Bacilli|o__Bacillales|f__Alicyclobacillaceae,d__Bacteria|p__Bacillota|c__Bacilli|o__Bacillales|f__Bacillaceae,d__Bacteria|p__Bacillota|c__Bacilli|o__Bacillales|f__Listeriaceae,d__Bacteria|p__Bacillota|c__Bacilli|o__Bacillales|f__Paenibacillaceae,d__Bacteria|p__Bacillota|c__Bacilli|o__Bacillales|f__Planococcaceae,d__Bacteria|p__Bacillota|c__Bacilli|o__Bacillales|f__Sporolactobacillaceae,d__Bacteria|p__Bacillota|c__Bacilli|o__Bacillales|f__Staphylococcaceae,d__Bacteria|p__Bacillota|c__Bacilli|o__Bacillales|f__Thermoactinomycetaceae,d__Bacteria|p__Bacillota|c__Bacilli|o__Lactobacillales|f__Aerococcaceae,d__Bacteria|p__Bacillota|c__Bacilli|o__Lactobacillales|f__Carnobacteriaceae,d__Bacteria|p__Bacillota|c__Bacilli|o__Lactobacillales|f__Enterococcaceae,d__Bacteria|p__Bacillota|c__Bacilli|o__Lactobacillales|f__Lactobacillaceae,d__Bacteria|p__Bacillota|c__Bacilli|o__Lactobacillales|f__Streptococcaceae,d__Bacteria|p__Bacillota|c__Clostridia|o__Candidatus Borkfalkiales|f__Candidatus Borkfalkiaceae,d__Bacteria|p__Bacillota|c__Clostridia|o__Eubacteriales|f__Bianqueaceae,d__Bacteria|p__Bacillota|c__Clostridia|o__Eubacteriales|f__Cellulosilyticaceae,d__Bacteria|p__Bacillota|c__Clostridia|o__Eubacteriales|f__Christensenellaceae,d__Bacteria|p__Bacillota|c__Clostridia|o__Eubacteriales|f__Clostridiaceae,d__Bacteria|p__Bacillota|c__Clostridia|o__Eubacteriales|f__Desulfotomaculaceae,d__Bacteria|p__Bacillota|c__Clostridia|o__Eubacteriales|f__Eubacteriaceae,d__Bacteria|p__Bacillota|c__Clostridia|o__Eubacteriales|f__Eubacteriales Family XIII. Incertae Sedis,d__Bacteria|p__Bacillota|c__Clostridia|o__Eubacteriales|f__Feifaniaceae,d__Bacteria|p__Bacillota|c__Clostridia|o__Eubacteriales|f__Lachnospiraceae,d__Bacteria|p__Bacillota|c__Clostridia|o__Eubacteriales|f__Oscillospiraceae,d__Bacteria|p__Bacillota|c__Clostridia|o__Eubacteriales|f__Peptococcaceae,d__Bacteria|p__Bacillota|c__Clostridia|o__Eubacteriales|f__Peptostreptococcaceae,d__Bacteria|p__Bacillota|c__Clostridia|o__Eubacteriales|f__Pumilibacteraceae,d__Bacteria|p__Bacillota|c__Clostridia|o__Eubacteriales|f__Symbiobacteriaceae,d__Bacteria|p__Bacillota|c__Clostridia|o__Eubacteriales|f__Yeguiaceae,d__Bacteria|p__Bacillota|c__Erysipelotrichia|o__Erysipelotrichales|f__Coprobacillaceae,d__Bacteria|p__Bacillota|c__Erysipelotrichia|o__Erysipelotrichales|f__Erysipelotrichaceae,d__Bacteria|p__Bacillota|c__Erysipelotrichia|o__Erysipelotrichales|f__Turicibacteraceae,d__Bacteria|p__Bacillota|c__Negativicutes|o__Acidaminococcales|f__Acidaminococcaceae,d__Bacteria|p__Bacillota|c__Negativicutes|o__Selenomonadales|f__Selenomonadaceae,d__Bacteria|p__Bacillota|c__Negativicutes|o__Veillonellales|f__Veillonellaceae,d__Bacteria|p__Bacillota|c__Tissierellia|o__Tissierellales|f__Peptoniphilaceae,d__Bacteria|p__Bacillota|c__Tissierellia|o__Tissierellales|f__Sporanaerobacteraceae,d__Bacteria|p__Bacillota|c__Tissierellia|o__Tissierellales|f__Tissierellaceae,d__Bacteria|p__Bacteroidota|c__Bacteroidia|o__Bacteroidales|f__Bacteroidaceae,d__Bacteria|p__Bacteroidota|c__Bacteroidia|o__Bacteroidales|f__Barnesiellaceae,d__Bacteria|p__Bacteroidota|c__Bacteroidia|o__Bacteroidales|f__Dysgonomonadaceae,d__Bacteria|p__Bacteroidota|c__Bacteroidia|o__Bacteroidales|f__Muribaculaceae,d__Bacteria|p__Bacteroidota|c__Bacteroidia|o__Bacteroidales|f__Odoribacteraceae,d__Bacteria|p__Bacteroidota|c__Bacteroidia|o__Bacteroidales|f__Paludibacteraceae,d__Bacteria|p__Bacteroidota|c__Bacteroidia|o__Bacteroidales|f__Porphyromonadaceae,d__Bacteria|p__Bacteroidota|c__Bacteroidia|o__Bacteroidales|f__Prevotellaceae,d__Bacteria|p__Bacteroidota|c__Bacteroidia|o__Bacteroidales|f__Rikenellaceae,d__Bacteria|p__Bacteroidota|c__Bacteroidia|o__Bacteroidales|f__Tannerellaceae,d__Bacteria|p__Bacteroidota|c__Bacteroidia|o__Marinilabiliales|f__Marinilabiliaceae,d__Bacteria|p__Bacteroidota|c__Chitinophagia|o__Chitinophagales|f__Chitinophagaceae,d__Bacteria|p__Bacteroidota|c__Cytophagia|o__Cytophagales|f__Spirosomaceae,d__Bacteria|p__Bacteroidota|c__Flavobacteriia|o__Flavobacteriales|f__Flavobacteriaceae,d__Bacteria|p__Bacteroidota|c__Flavobacteriia|o__Flavobacteriales|f__Weeksellaceae,d__Bacteria|p__Bacteroidota|c__Sphingobacteriia|o__Sphingobacteriales|f__Sphingobacteriaceae,d__Bacteria|p__Campylobacterota|c__Epsilonproteobacteria|o__Campylobacterales|f__Arcobacteraceae,d__Bacteria|p__Campylobacterota|c__Epsilonproteobacteria|o__Campylobacterales|f__Campylobacteraceae,d__Bacteria|p__Campylobacterota|c__Epsilonproteobacteria|o__Campylobacterales|f__Helicobacteraceae,d__Bacteria|p__Candidatus Saccharibacteria|c__Candidatus Nanoperiomorbia|o__Candidatus Nanoperiomorbales|f__Candidatus Nanoperiomorbaceae,d__Bacteria|p__Candidatus Saccharibacteria|c__Candidatus Nanosyncoccalia|o__Candidatus Nanogingivales|f__Candidatus Nanogingivalaceae,d__Bacteria|p__Candidatus Saccharibacteria|c__Candidatus Nanosyncoccalia|o__Candidatus Nanosyncoccales|f__Candidatus Nanosyncoccacae,d__Bacteria|p__Candidatus Saccharibacteria|c__Candidatus Saccharimonadia|o__Candidatus Nanosynbacterales|f__Candidatus Nanosynbacteraceae,d__Bacteria|p__Candidatus Saccharibacteria|c__Candidatus Saccharimonadia|o__Candidatus Saccharimonadales|f__Candidatus Saccharimonadaceae,d__Bacteria|p__Chlamydiota|c__Chlamydiia|o__Chlamydiales|f__Chlamydiaceae,d__Bacteria|p__Chloroflexota|c__Anaerolineae|o__Anaerolineales|f__Anaerolineaceae,d__Bacteria|p__Chloroflexota|c__Dehalococcoidia|o__Dehalococcoidales|f__Dehalococcoidaceae,d__Bacteria|p__Chloroflexota|c__Ktedonobacteria|o__Ktedonobacterales|f__Thermosporotrichaceae,d__Bacteria|p__Deferribacterota|c__Deferribacteres|o__Deferribacterales|f__Mucispirillaceae,d__Bacteria|p__Deinococcota|c__Deinococci|o__Deinococcales|f__Deinococcaceae,d__Bacteria|p__Deinococcota|c__Deinococci|o__Thermales|f__Thermaceae,d__Bacteria|p__Elusimicrobiota|c__Elusimicrobia|o__Elusimicrobiales|f__Elusimicrobiaceae,d__Bacteria|p__Fibrobacterota|c__Fibrobacteria|o__Fibrobacterales|f__Fibrobacteraceae,d__Bacteria|p__Fusobacteriota|c__Fusobacteriia|o__Fusobacteriales|f__Fusobacteriaceae,d__Bacteria|p__Lentisphaerota|c__Lentisphaeria|o__Victivallales|f__Victivallaceae,d__Bacteria|p__Mycoplasmatota|c__Mollicutes|o__Acholeplasmatales|f__Acholeplasmataceae,d__Bacteria|p__Mycoplasmatota|c__Mollicutes|o__Anaeroplasmatales|f__Anaeroplasmataceae,d__Bacteria|p__Mycoplasmatota|c__Mollicutes|o__Mycoplasmatales|f__Mycoplasmataceae,d__Bacteria|p__Myxococcota|c__Myxococcia|o__Myxococcales|f__Archangiaceae,d__Bacteria|p__Myxococcota|c__Myxococcia|o__Myxococcales|f__Myxococcaceae,d__Bacteria|p__Myxococcota|c__Myxococcia|o__Polyangiales|f__Polyangiaceae,d__Bacteria|p__Planctomycetota|c__Planctomycetia|o__Pirellulales|f__Lacipirellulaceae,d__Bacteria|p__Pseudomonadota|c__Alphaproteobacteria|o__Caulobacterales|f__Caulobacteraceae,d__Bacteria|p__Pseudomonadota|c__Alphaproteobacteria|o__Hyphomicrobiales|f__Aestuariivirgaceae,d__Bacteria|p__Pseudomonadota|c__Alphaproteobacteria|o__Hyphomicrobiales|f__Aurantimonadaceae,d__Bacteria|p__Pseudomonadota|c__Alphaproteobacteria|o__Hyphomicrobiales|f__Beijerinckiaceae,d__Bacteria|p__Pseudomonadota|c__Alphaproteobacteria|o__Hyphomicrobiales|f__Boseaceae,d__Bacteria|p__Pseudomonadota|c__Alphaproteobacteria|o__Hyphomicrobiales|f__Brucellaceae,d__Bacteria|p__Pseudomonadota|c__Alphaproteobacteria|o__Hyphomicrobiales|f__Chelatococcaceae,d__Bacteria|p__Pseudomonadota|c__Alphaproteobacteria|o__Hyphomicrobiales|f__Devosiaceae,d__Bacteria|p__Pseudomonadota|c__Alphaproteobacteria|o__Hyphomicrobiales|f__Hyphomicrobiaceae,d__Bacteria|p__Pseudomonadota|c__Alphaproteobacteria|o__Hyphomicrobiales|f__Kaistiaceae,d__Bacteria|p__Pseudomonadota|c__Alphaproteobacteria|o__Hyphomicrobiales|f__Methylobacteriaceae,d__Bacteria|p__Pseudomonadota|c__Alphaproteobacteria|o__Hyphomicrobiales|f__Nitrobacteraceae,d__Bacteria|p__Pseudomonadota|c__Alphaproteobacteria|o__Hyphomicrobiales|f__Phyllobacteriaceae,d__Bacteria|p__Pseudomonadota|c__Alphaproteobacteria|o__Hyphomicrobiales|f__Pleomorphomonadaceae,d__Bacteria|p__Pseudomonadota|c__Alphaproteobacteria|o__Hyphomicrobiales|f__Rhizobiaceae,d__Bacteria|p__Pseudomonadota|c__Alphaproteobacteria|o__Rhodobacterales|f__Paracoccaceae,d__Bacteria|p__Pseudomonadota|c__Alphaproteobacteria|o__Rhodobacterales|f__Roseobacteraceae,d__Bacteria|p__Pseudomonadota|c__Alphaproteobacteria|o__Rhodospirillales|f__Acetobacteraceae,d__Bacteria|p__Pseudomonadota|c__Alphaproteobacteria|o__Rhodospirillales|f__Azospirillaceae,d__Bacteria|p__Pseudomonadota|c__Alphaproteobacteria|o__Rhodospirillales|f__Geminicoccaceae,d__Bacteria|p__Pseudomonadota|c__Alphaproteobacteria|o__Rickettsiales|f__Rickettsiaceae,d__Bacteria|p__Pseudomonadota|c__Alphaproteobacteria|o__Sphingomonadales|f__Erythrobacteraceae,d__Bacteria|p__Pseudomonadota|c__Alphaproteobacteria|o__Sphingomonadales|f__Sphingomonadaceae,d__Bacteria|p__Pseudomonadota|c__Betaproteobacteria|o__Burkholderiales|f__Alcaligenaceae,d__Bacteria|p__Pseudomonadota|c__Betaproteobacteria|o__Burkholderiales|f__Burkholderiaceae,d__Bacteria|p__Pseudomonadota|c__Betaproteobacteria|o__Burkholderiales|f__Comamonadaceae,d__Bacteria|p__Pseudomonadota|c__Betaproteobacteria|o__Burkholderiales|f__Oxalobacteraceae,d__Bacteria|p__Pseudomonadota|c__Betaproteobacteria|o__Burkholderiales|f__Sutterellaceae,d__Bacteria|p__Pseudomonadota|c__Betaproteobacteria|o__Neisseriales|f__Neisseriaceae,d__Bacteria|p__Pseudomonadota|c__Gammaproteobacteria|o__Aeromonadales|f__Aeromonadaceae,d__Bacteria|p__Pseudomonadota|c__Gammaproteobacteria|o__Aeromonadales|f__Succinivibrionaceae,d__Bacteria|p__Pseudomonadota|c__Gammaproteobacteria|o__Alteromonadales|f__Pseudoalteromonadaceae,d__Bacteria|p__Pseudomonadota|c__Gammaproteobacteria|o__Alteromonadales|f__Shewanellaceae,d__Bacteria|p__Pseudomonadota|c__Gammaproteobacteria|o__Cardiobacteriales|f__Cardiobacteriaceae,d__Bacteria|p__Pseudomonadota|c__Gammaproteobacteria|o__Chromatiales|f__Chromatiaceae,d__Bacteria|p__Pseudomonadota|c__Gammaproteobacteria|o__Enterobacterales|f__Enterobacteriaceae,d__Bacteria|p__Pseudomonadota|c__Gammaproteobacteria|o__Enterobacterales|f__Erwiniaceae,d__Bacteria|p__Pseudomonadota|c__Gammaproteobacteria|o__Enterobacterales|f__Hafniaceae,d__Bacteria|p__Pseudomonadota|c__Gammaproteobacteria|o__Enterobacterales|f__Morganellaceae,d__Bacteria|p__Pseudomonadota|c__Gammaproteobacteria|o__Enterobacterales|f__Pectobacteriaceae,d__Bacteria|p__Pseudomonadota|c__Gammaproteobacteria|o__Enterobacterales|f__Yersiniaceae,d__Bacteria|p__Pseudomonadota|c__Gammaproteobacteria|o__Legionellales|f__Legionellaceae,d__Bacteria|p__Pseudomonadota|c__Gammaproteobacteria|o__Moraxellales|f__Moraxellaceae,d__Bacteria|p__Pseudomonadota|c__Gammaproteobacteria|o__Nevskiales|f__Sinobacteraceae,d__Bacteria|p__Pseudomonadota|c__Gammaproteobacteria|o__Oceanospirillales|f__Alcanivoracaceae,d__Bacteria|p__Pseudomonadota|c__Gammaproteobacteria|o__Oceanospirillales|f__Halomonadaceae,d__Bacteria|p__Pseudomonadota|c__Gammaproteobacteria|o__Orbales|f__Orbaceae,d__Bacteria|p__Pseudomonadota|c__Gammaproteobacteria|o__Pasteurellales|f__Pasteurellaceae,d__Bacteria|p__Pseudomonadota|c__Gammaproteobacteria|o__Pseudomonadales|f__Pseudomonadaceae,d__Bacteria|p__Pseudomonadota|c__Gammaproteobacteria|o__Vibrionales|f__Vibrionaceae,d__Bacteria|p__Pseudomonadota|c__Gammaproteobacteria|o__Xanthomonadales|f__Rhodanobacteraceae,d__Bacteria|p__Pseudomonadota|c__Gammaproteobacteria|o__Xanthomonadales|f__Xanthomonadaceae,d__Bacteria|p__Pseudomonadota|c__Hydrogenophilia|o__Hydrogenophilales|f__Hydrogenophilaceae,d__Bacteria|p__Spirochaetota|c__Spirochaetia|o__Brachyspirales|f__Brachyspiraceae,d__Bacteria|p__Spirochaetota|c__Spirochaetia|o__Leptospirales|f__Leptospiraceae,d__Bacteria|p__Spirochaetota|c__Spirochaetia|o__Spirochaetales|f__Sphaerochaetaceae,d__Bacteria|p__Spirochaetota|c__Spirochaetia|o__Spirochaetales|f__Spirochaetaceae,d__Bacteria|p__Spirochaetota|c__Spirochaetia|o__Spirochaetales|f__Treponemataceae,d__Bacteria|p__Synergistota|c__Synergistia|o__Synergistales|f__Aminobacteriaceae,d__Bacteria|p__Synergistota|c__Synergistia|o__Synergistales|f__Dethiosulfovibrionaceae,d__Bacteria|p__Synergistota|c__Synergistia|o__Synergistales|f__Synergistaceae,d__Bacteria|p__Thermodesulfobacteriota|c__Desulfobulbia|o__Desulfobulbales|f__Desulfobulbaceae,d__Bacteria|p__Thermodesulfobacteriota|c__Desulfovibrionia|o__Desulfovibrionales|f__Desulfomicrobiaceae,d__Bacteria|p__Thermodesulfobacteriota|c__Desulfovibrionia|o__Desulfovibrionales|f__Desulfonatronovibrionaceae,d__Bacteria|p__Thermodesulfobacteriota|c__Desulfovibrionia|o__Desulfovibrionales|f__Desulfovibrionaceae,d__Bacteria|p__Thermodesulfobacteriota|c__Desulfuromonadia|o__Desulfuromonadales|f__Desulfuromonadaceae,d__Bacteria|p__Thermodesulfobacteriota|c__Desulfuromonadia|o__Geobacterales|f__Geobacteraceae,d__Bacteria|p__Thermodesulfobacteriota|c__Syntrophorhabdia|o__Syntrophorhabdales|f__Syntrophorhabdaceae,d__Bacteria|p__Thermomicrobiota|c__Thermomicrobia|o__Sphaerobacterales|f__Sphaerobacteraceae,d__Bacteria|p__Verrucomicrobiota|c__Verrucomicrobiae|o__Verrucomicrobiales|f__Akkermansiaceae,d__Bacteria|p__Verrucomicrobiota|c__Verrucomicrobiae|o__Verrucomicrobiales|f__Verrucomicrobiaceae
C1,7.9616883556327e-06,0.000325343537805172,3.61894925256032e-07,0,0,0,0,0,0,1.80947462628016e-06,0,0,0,3.25705432730428e-06,2.3161275216386e-05,0,0,0,0,3.4380017899323e-05,5.42842387884047e-06,0,0,1.08568477576809e-06,2.89515940204825e-06,0,1.44757970102413e-06,0,0,0,0,0.00121451936915924,0.00197775576652421,0.000137881966522548,0,6.51410865460857e-06,3.61894925256032e-07,7.23789850512063e-07,1.44757970102413e-06,0,7.59979343037666e-06,4.70463402832841e-06,0,3.61894925256032e-06,0.000210984741424266,0.147138153025822,0.0177813452575299,0,5.06652895358444e-06,3.14848584972748e-05,7.59979343037666e-06,0.00447446885586558,0,0.000554061130566984,2.3161275216386e-05,0,0.0219514604812551,0.0278753185127711,0,0.00164987896424225,0,0,2.53326447679222e-06,8.90261516129838e-05,0.00117181576797903,0.000519319217742405,0.000655753604563929,0.0284326366976654,0.0203482659623709,3.61894925256032e-07,0,0,0.00463623588745502,5.17509743116125e-05,7.23789850512063e-07,0.000262735715735879,3.65513874508592e-05,0,0.00191985257848325,0.631041971487746,0.00325560674760326,0.000166833560543031,0,0,0,3.61894925256032e-07,3.98084417781635e-06,0,0,0.00015959566203791,0.00175338091286547,0,0,0,0,0,1.23044274587051e-05,0,0,3.61894925256032e-07,0,0,0,1.44757970102413e-06,0.0052051347099575,8.32358328088873e-06,0,1.44757970102413e-06,3.61894925256032e-07,2.89515940204825e-06,0,3.61894925256032e-07,0,0,0,0,6.8760035798646e-05,0,0,0,0,0,0,0,3.61894925256032e-07,0,3.61894925256032e-07,0,1.04949528324249e-05,4.70463402832841e-06,0,0.00018782346620788,1.01330579071689e-05,0,0,0,4.70463402832841e-06,0,2.89515940204825e-06,0,8.32358328088873e-06,2.93134889457386e-05,4.34273910307238e-06,0,4.12560214791876e-05,3.61894925256032e-07,0,0,0,0.0268077284832658,3.61894925256032e-07,1.08568477576809e-06,1.80947462628016e-06,0,0,0,6.51410865460857e-06,0,0,2.46088549174101e-05,0,2.17136955153619e-06,7.59979343037666e-05,1.1218742682937e-05,0,2.53326447679222e-06,0,0,0,0,0.00315174290405478,0.0270606930360198,0,0,7.23789850512063e-06,0,9.77116298191285e-06,7.23789850512063e-07,0.0172540643514318,0,0,3.61894925256032e-07,0,3.61894925256032e-07,0
C2,2.62425864693224e-05,0.000245726036940019,0,2.38568967902931e-06,2.38568967902931e-06,0,0,0,2.38568967902931e-06,0,1.19284483951466e-06,2.02783622717491e-05,0,1.90855174322345e-05,2.74354313088371e-05,0,0,0,1.19284483951466e-06,3.8171034864469e-05,4.77137935805862e-06,0,0,1.07356035556319e-05,1.31212932346612e-05,0,7.15706903708793e-06,1.19284483951466e-06,0,0,0,0.000764613542128894,0.00619802178611815,0.000533201643263051,2.38568967902931e-06,2.74354313088371e-05,8.34991387660259e-06,5.96422419757328e-06,4.77137935805862e-06,2.38568967902931e-06,2.86282761483517e-05,1.55069829136905e-05,2.38568967902931e-06,3.93638797039836e-05,7.99206042474819e-05,0.270002815113821,0.0868534184547411,0,1.78926725927198e-05,2.74354313088371e-05,1.78926725927198e-05,0.0166998277532052,0,0.00117256647724291,4.77137935805862e-05,0,0.0172020154306408,0.0287105824422782,0,0.00483698582423193,0,0,5.00994832596155e-05,0.000128827242667583,0.00480477901356503,0.00555746410729878,0.00070974267951122,0.0251380121479318,0.00195030131260646,1.07356035556319e-05,1.19284483951466e-06,0,0.00453042470047666,5.48708626176741e-05,0,0.000198012243359433,4.29424142225276e-05,0,0.00873878129428437,0.204007481522833,0.00202783622717491,0.000255268795656136,0,0,0,9.54275871611724e-06,4.77137935805862e-06,0,0,0.000704971300153161,4.53281039015569e-05,0,0,0,0,0,0.000126441552988553,0,0,2.38568967902931e-06,0,1.19284483951466e-06,0,7.15706903708793e-06,0.00713679067481618,1.78926725927198e-05,0,0,0,0,0,2.38568967902931e-06,0,0,1.19284483951466e-06,0,0.00423698486995606,0,0,0,0,0,0,0,3.57853451854397e-06,1.19284483951466e-06,5.96422419757328e-06,0,9.54275871611724e-06,1.90855174322345e-05,0,1.07356035556319e-05,4.65209487410716e-05,0,0,0,6.67993110128207e-05,0,8.34991387660259e-06,1.19284483951466e-06,5.84493971362181e-05,4.41352590620422e-05,2.02783622717491e-05,1.19284483951466e-06,3.4592500345925e-05,0,0,0,0,0.225312883201405,0.000188469484643316,0,2.14712071112638e-05,3.57853451854397e-06,1.55069829136905e-05,0,5.72565522967035e-05,0,0,2.98211209878664e-05,0,0.000316103882471384,0.000431809831904305,0.000184890950124772,0,7.15706903708793e-06,0,0,0,0,0.00101630380326649,0.0124199004690266,0,0,0.000200397933038462,0,1.66998277532052e-05,0,0.0552167876211334,0,0,0,0,0,0
C3,4.17830207731252e-05,0.00612121254326284,0.000153204409501459,0,2.08915103865626e-05,0,1.39276735910417e-05,6.96383679552086e-06,0,0.000132312899114896,1.39276735910417e-05,0.000313372655798439,6.96383679552086e-06,0.000215878940661147,0.000577998454028231,6.96383679552086e-06,0,1.39276735910417e-05,0,0.000661564495574482,5.57106943641669e-05,6.96383679552086e-06,6.96383679552086e-06,3.48191839776043e-05,3.48191839776043e-05,5.57106943641669e-05,0.000181059756683542,0.000772985884302815,6.96383679552086e-06,0,0,6.26745311596877e-05,0.000396938697344689,0.000452649391708856,0,4.8746857568646e-05,0,0,0.000111421388728334,0,0.000181059756683542,0,2.08915103865626e-05,1.39276735910417e-05,0.00016016824629698,0.110662330517622,0.0715325315635903,0,4.17830207731252e-05,4.17830207731252e-05,9.05298783417712e-05,0.0250837401374661,0,0.0229806614252188,9.05298783417712e-05,0,0.0223956991343951,0.090474167647407,0,0.0277648173037417,0,0,0.00139276735910417,6.96383679552086e-05,0.00314765423157543,0.0419710443666042,0.0018036337300399,0.00979811837129785,0.0381548618026588,0.000111421388728334,0,6.96383679552086e-06,0.0339904873989373,0.000201951267070105,6.96383679552086e-06,0.00199165732351897,0.000188023593479063,0,0.00151811642142355,0.303107960361841,0.00309890737400678,0.000445685554913335,0,1.39276735910417e-05,3.48191839776043e-05,2.08915103865626e-05,0.000104457551932813,2.78553471820834e-05,4.17830207731252e-05,0.00152508025821907,0.000174095919888022,0,0,6.96383679552086e-06,0,0,7.66022047507295e-05,0,6.96383679552086e-06,4.8746857568646e-05,0,0.000118385225523855,0,0,0.00823125509230566,3.48191839776043e-05,0,0,0,0,0,0,0,0,4.8746857568646e-05,0,0.0865953105523019,0,1.39276735910417e-05,6.96383679552086e-06,0,6.96383679552086e-06,0,0,5.57106943641669e-05,0,4.8746857568646e-05,0,6.96383679552086e-05,6.96383679552086e-05,0,9.7493715137292e-05,6.96383679552086e-06,2.78553471820834e-05,1.39276735910417e-05,6.96383679552086e-06,0.0009679733145774,3.48191839776043e-05,5.57106943641669e-05,9.7493715137292e-05,0.00110725005048782,4.8746857568646e-05,0.000431757881322293,6.96383679552086e-06,0.00139276735910417,1.39276735910417e-05,0,0,1.39276735910417e-05,0.0591995765987228,6.96383679552086e-06,0,6.96383679552086e-06,6.96383679552086e-06,0,0,0.00135098433833105,6.96383679552086e-06,0,0.000104457551932813,0,2.08915103865626e-05,0.000153204409501459,0.00016016824629698,0,8.35660415462503e-05,6.96383679552086e-06,0.000139276735910417,0,0,0.00116296074485198,0.00981900988168441,0,0,6.96383679552086e-05,0,0,0,0.00267411332948001,0,0,0,1.39276735910417e-05,0.000236770451047709,0
C4,5.30020524774403e-05,0.00039805623085098,0,0,1.08167454035593e-06,0,2.16334908071185e-06,0,0,1.4602606294805e-05,0,0,0,1.18984199439152e-05,5.40837270177962e-06,0,0,0,0,2.97460498597879e-05,2.70418635088981e-06,0,0,3.24502362106778e-06,2.70418635088981e-06,5.40837270177963e-07,3.78586089124574e-06,1.08167454035593e-06,0,0,0,0.00101893741701528,0.0105744503065195,0.000421853070738811,0,1.13575826737372e-05,5.40837270177963e-07,3.24502362106778e-06,5.40837270177963e-07,0,2.8664375319432e-05,1.67659553755168e-05,0,0.000130341782112889,0.000155220296541075,0.129901540574964,0.213485777331888,0,4.86753543160166e-06,4.3266981614237e-06,9.19423359302536e-06,0.00452680795138955,0,0.00149811923839296,4.54303306949489e-05,0,0.0115906835371839,0.0336298022969359,0,0.00216172656890132,0,5.40837270177963e-07,3.78586089124574e-06,0.000142781039326982,0.000736620361982385,0.000352085062885854,0.00115739175818084,0.0541837819127792,0.000213089884450117,4.86753543160166e-06,0,0,0.00947817315986879,8.38297768775842e-05,1.62251181053389e-06,0.000166037041944634,4.75936797756607e-05,0,0.00806658788470431,0.334256362274437,0.000293674637706634,0.000296919661327701,0,0,0,0,8.11255905266944e-06,0,0,0.00289456106999246,0.000289888776815388,0,0,5.40837270177963e-07,0,0,0.00280802710676398,0,1.08167454035593e-06,0,7.57172178249148e-06,5.40837270177963e-07,0,1.56842808351609e-05,0.0336124955042902,3.78586089124574e-06,2.16334908071185e-06,3.24502362106778e-06,2.75827007790761e-05,1.13575826737372e-05,0,0,5.40837270177963e-07,0,2.70418635088981e-06,0,0.00121363883427935,0,0,1.62251181053389e-06,5.40837270177963e-07,5.40837270177963e-07,0,0,0,0,3.78586089124574e-06,0,4.16444698037031e-05,3.24502362106778e-06,5.40837270177962e-06,2.70418635088981e-06,3.51544225615676e-05,0,0,0,1.08167454035592e-05,0,5.40837270177963e-07,0,3.89402834528133e-05,5.46245642879742e-05,1.56842808351609e-05,5.40837270177963e-07,0.000199568952695668,0,5.40837270177963e-07,0,0,0.0864501334515964,7.03088451231351e-06,0,3.78586089124574e-06,0,2.16334908071185e-06,0,5.40837270177962e-06,0,0,1.67659553755168e-05,0,1.08167454035592e-05,2.16334908071185e-06,3.02868871299659e-05,0,1.62251181053389e-06,0,0,0,0,0.00355276002779904,0.00820720557495058,0,0,9.73507086320333e-06,0,1.35209317544491e-05,0,0.0411306743970341,0,0,0,0,5.40837270177963e-07,0
C5,1.03138759999818e-05,0.00208381550703633,0,0,8.25110079998548e-07,0,0,0,0,0,8.25110079998548e-07,8.25110079998548e-07,0,4.95066047999129e-06,9.4887659199833e-06,0,0,0,0,1.77398667199688e-05,8.25110079998548e-07,0,4.12555039999274e-07,6.60088063998838e-06,9.07621087998403e-06,8.25110079998548e-07,1.23766511999782e-06,0,0,4.12555039999274e-07,0,0.000166672236159707,0.00337593789231406,0.000222367166559609,0,1.69147566399702e-05,5.36321551999056e-06,1.6502201599971e-06,4.12555039999274e-07,0,2.68160775999528e-05,7.42599071998693e-06,0,7.59101273598664e-05,0.000178223777279686,0.445317685945776,0.154675960706608,0,9.4887659199833e-06,4.95066047999129e-06,5.23944900799078e-05,0.0114096221862199,0,0.000864302808798479,5.73451505598991e-05,0,0.0172476885572496,0.0108794889598209,0,0.00172448006719696,4.12555039999274e-07,0,9.90132095998257e-06,0.000273936546559518,0.00581166284846977,0.000217829061119617,8.25110079998548e-05,0.00943843420510339,0.000152232809759732,1.6502201599971e-06,0,0,0.000544160097759042,7.42599071998693e-06,0,5.98204807998947e-05,8.25110079998548e-07,0,0.00428273387023246,0.0139625127737354,1.81524217599681e-05,2.76411876799514e-05,1.6502201599971e-06,0,0,0,4.12555039999274e-07,0,0,0.000252896239519555,4.08429489599281e-05,0,0,8.25110079998548e-07,0,0,0.00732491473518711,0,1.23766511999782e-06,0,0,0,0,4.12555039999274e-07,0.0022162456748761,1.6502201599971e-06,0,2.26905271999601e-05,8.25110079998548e-06,6.60088063998838e-05,0,4.12555039999274e-07,0,0,3.30044031999419e-06,0,0.000172035451679697,0,0,4.12555039999274e-07,0,0,0,0,4.12555039999274e-07,0,2.06277519999637e-06,8.25110079998548e-07,4.12555039999274e-07,2.47533023999564e-06,0,8.25110079998548e-07,0,0,0,0,1.19640961599789e-05,0,4.95066047999129e-06,0,0.000620482780158908,4.12555039999274e-06,1.44394263999746e-05,0,1.73273116799695e-05,0,0,0,4.12555039999274e-07,0.300014563192912,2.06277519999637e-06,0,1.15515411199797e-05,0,1.19640961599789e-05,0,5.77577055998983e-06,0,0,5.77577055998983e-06,4.12555039999274e-07,1.07264310399811e-05,9.4887659199833e-06,4.90940497599136e-05,0,1.23766511999782e-06,0,4.12555039999274e-07,0,0,0.000487227502239142,0.00500388008015119,0,0,6.39460311998875e-05,0,1.23766511999782e-06,0,0.00016460946095971,0,0,0,0,0,0
C6,7.87189355400625e-06,0.000162685800116129,0,0,0,0,0,0,0,0,0,0,0,5.62278111000446e-06,2.62396451800208e-06,0,0,0,0,1.19952663680095e-05,1.12455622200089e-06,0,0,2.24911244400179e-06,3.74852074000298e-07,0,1.49940829600119e-06,1.87426037000149e-06,0,0,0,0.000140194675676111,0.00189900060688551,0.000166809172930132,0,2.99881659200238e-06,3.74852074000298e-07,3.74852074000298e-07,0,0,1.61186391820128e-05,2.99881659200238e-06,0,2.32408285880185e-05,0.000744831071038591,0.228498203896287,0.0456112506602082,0,1.49940829600119e-06,4.12337281400327e-06,2.99881659200238e-06,0.00563964945333448,0,0.000706971011564561,2.02420119960161e-05,0,0.0127146074980161,0.0132045391587345,0,0.00136483640143508,0,0,2.24911244400179e-06,6.26002963580497e-05,0.00132097870877705,0.000133447338344106,0.000461817755168367,0.0691084780668429,0.000190424853592151,2.62396451800208e-06,0,0,0.00694450952292951,0.000103834024498082,7.49704148000595e-07,0.000196047634702156,4.5357100954036e-05,3.74852074000298e-07,0.00687216307264746,0.557905086705159,0.000121077219902096,0.00021441538632817,0,0,0,3.74852074000298e-07,7.12218940600565e-06,1.12455622200089e-06,0,0.0028983562361703,0.000103834024498082,0,0,3.74852074000298e-07,0,0,0.00299994114822438,0,0,7.49704148000595e-07,0,0,0,7.49704148000595e-07,0.0104021450535083,2.99881659200238e-06,0,7.49704148000595e-07,3.37366866600268e-06,6.74733733200536e-06,0,7.49704148000595e-07,0,0,0,0,0.000109081953534087,0,0,3.74852074000298e-07,0,3.74852074000298e-07,0,0,0,0,0,0,1.94923078480155e-05,3.74852074000298e-07,7.49704148000595e-07,6.37248525800506e-06,7.12218940600565e-06,0,0,0,5.24792903600417e-06,7.49704148000595e-07,0,0,1.12455622200089e-06,6.07260359880482e-05,8.24674562800655e-06,0,0.000147316865082117,1.87426037000149e-06,0,0,0,0.0127359740662341,0,0,1.49940829600119e-06,1.12455622200089e-06,1.12455622200089e-06,0,5.99763318400476e-06,0,0,7.12218940600565e-06,0,3.56109470300283e-05,2.62396451800208e-06,2.99881659200238e-05,0,1.87426037000149e-06,0,4.12337281400327e-06,0,0,0.00210254528306767,0.00760424917317004,0,0,1.87426037000149e-06,0,1.12455622200089e-06,0,0.00601450152733478,0,0,0,0,0,0
H1,0.00135261839037144,0.00168637222537199,1.4082440295382e-07,0,0,4.2247320886146e-07,0,0,0,1.4082440295382e-07,0,9.71688380381358e-06,0,1.9574592010581e-05,3.43611543207321e-05,0,2.8164880590764e-07,0,2.8164880590764e-07,1.29558450717514e-05,4.2247320886146e-07,0,5.6329761181528e-07,4.50638089452224e-06,1.54906843249202e-06,0,1.91521188017195e-05,0,0,0,0,0.000344034016416182,0.00229755013419157,0.000482605228922741,0,4.2247320886146e-06,0,3.23896126793786e-06,0,0,4.2247320886146e-06,0,1.60539819367355e-05,4.12615500654693e-05,9.57605940085976e-06,2.32360264873803e-05,0.00188085072585122,0,0,0,2.8164880590764e-07,0.0543347018648812,2.39401485021494e-06,0.00283634429989289,0.000416840232743307,0,0.0621739739041115,0.0152305816526645,0,0.00702333544851587,0,0,7.041220147691e-07,9.8577082067674e-05,0.000636807950157174,0.00474169847185807,0.0119014927668362,0.717593840453274,0.00365749139351661,1.54906843249202e-05,0,0,0.0529222331032544,9.01276178904448e-06,0,5.49215171519898e-06,4.66128773777144e-05,0,1.16884254451671e-05,0.0088382803537847,0.00215278264795505,0.000528936457494548,0,3.66143447679932e-06,0,0,1.57723331308278e-05,3.23896126793786e-06,0,0.000256441237778906,0,1.68989283544584e-05,0,1.97154164135348e-06,1.28150206687976e-05,2.21094312637497e-05,6.90039574473718e-06,3.66143447679932e-06,0,0,0,0,8.4494641772292e-07,0,1.4082440295382e-07,0.000187014807122673,0,0,0,0,0,0,0,1.4082440295382e-07,0.000591884965614906,8.4494641772292e-07,2.8164880590764e-07,0,8.4494641772292e-07,8.87193738609066e-06,0,1.57723331308278e-05,1.4082440295382e-07,1.4082440295382e-07,5.91462492406044e-06,7.041220147691e-07,1.4082440295382e-06,0,7.46369335655246e-06,1.4082440295382e-07,0,0,0,0,0,0,1.21108986540285e-05,7.11163234916791e-05,0.000186310685107904,5.6329761181528e-07,3.29529102911939e-05,1.97154164135348e-06,5.6329761181528e-07,1.4082440295382e-07,0,0,0,2.95731246203022e-06,0,0.0376565861742544,0,4.2247320886146e-07,1.97154164135348e-06,0,8.02699096836774e-06,0,1.7180577160366e-05,0,0,0,0,0.000400645426403618,0.000103505936171058,2.8164880590764e-07,1.4082440295382e-07,1.68989283544584e-06,0,0,1.4082440295382e-07,0,0,1.4082440295382e-06,7.041220147691e-07,0,1.4082440295382e-07,3.66143447679932e-06,0,0,0.00689884667630469,0,1.4082440295382e-07,0,0,1.4082440295382e-07,1.4082440295382e-07
H2,8.79181995800436e-05,0.000288486304968479,0,0,0,0,0,0,0,0,0,0,0,1.65883395434044e-06,7.69095742466933e-06,0,0,0,0,7.99256359818578e-06,0,0,0,3.01606173516444e-07,0,0,2.41284938813156e-06,0,0,0,0,4.67489568950489e-06,0.000145524978721684,0.00090768377919774,0,4.97650186302133e-06,1.50803086758222e-07,0,1.50803086758222e-07,0,2.26204630137333e-06,0,0,9.04818520549333e-07,4.22248642923022e-06,1.93027951050524e-05,0.000399628179909289,0,0,0,0.000105562160730756,0.00393203968413389,0,0.0472532424171684,7.69095742466933e-06,0,0.0130007341094263,0.032031480445967,0,0.00054454994628394,0,0,1.50803086758222e-07,0.000136175187342675,0.000606831621115086,8.70133810594942e-05,3.33274821735671e-05,0.00183301151954619,0.00106587621720711,7.54015433791111e-07,0,0,0.812591424371347,0.000141151689205696,0,1.94535981918107e-05,2.66921463562053e-05,0,7.08774507763645e-06,0.00084570371054011,0.00011023705642026,0.00171040861001176,0,1.50803086758222e-07,0,0,0.000194988391178381,0,0,1.46278994155476e-05,0,0,0,0,0,1.50803086758222e-07,5.428911123296e-05,0,0,0,0,0,0,0,1.50803086758222e-07,5.5646339013784e-05,0,0,0,0,0,0,0,0,2.41284938813156e-06,0,0,0,0,0,0,0,0,0,1.50803086758222e-07,0,1.50803086758222e-07,0,0,0,0,0,0,0,0,0,3.92088025571378e-06,1.50803086758222e-07,3.01606173516444e-07,0,0,9.69663847855369e-05,4.52409260274667e-07,2.02076136256018e-05,0,0,0,0,0,0.0118781559315981,1.50803086758222e-07,0,2.41284938813156e-06,0,2.11124321461511e-06,0,1.65883395434044e-06,0,0,0,0,4.8860200109664e-05,1.50803086758222e-07,3.01606173516444e-07,0,0,0,0,0,0,0,4.52409260274667e-07,0,0,0,0,3.01606173516444e-07,0,0.00418523806680094,0,0,0,0,0.0654589450660548,0
H3,0.000112845387832738,2.50980404178077e-05,0,0,0,0,0,0,0,0,0,0,0,9.57940473962124e-07,6.1308190333576e-06,0,0,0,0,1.6668164246941e-05,0,0,0,0,1.14952856875455e-06,0,5.17287855939547e-06,1.91588094792425e-07,0,0,0,9.19622855003639e-06,4.5981142750182e-06,0.00845574056366367,0,6.1308190333576e-06,1.91588094792425e-07,0,0,0,2.41400999438455e-05,1.91588094792425e-07,0,2.49064523230152e-06,0.000388923832428622,0.000266499039856263,0.000889160347931644,8.42987617086669e-06,0.000258260751780189,0,6.51399522294244e-06,0.0195858593425348,1.91588094792425e-07,0.00720984318322853,0.00140587343958681,0,0.115169543010665,0.102781839977577,0,0.00146737321801518,0,0,3.8317618958485e-07,0.000149630302032884,0.000404059291917224,0.000402334999064092,8.81305236045154e-06,3.8317618958485e-07,0.0131402610694332,5.74764284377275e-06,1.91588094792425e-07,0,0.57318981341427,0.000346391275384704,3.8317618958485e-07,6.22661308075381e-05,3.25699761147122e-06,0,1.09205214031682e-05,0.000664810688929714,0.133732130338914,0.00109051943555848,0,0,0,5.74764284377275e-07,2.37569237542607e-05,0,0,6.6289480798179e-05,0,1.91588094792425e-07,1.14952856875455e-06,0,0,1.91588094792425e-07,2.85466261240713e-05,0,0,0,0,0,0,0,0,0,0,0,0,3.8317618958485e-07,0,0,0,0,1.91588094792425e-07,0,0,0,0,1.91588094792425e-07,0,0,0,0,0,0,0,0,0,0,0,0,0,0,0,0,4.40652618022577e-06,0,1.91588094792425e-07,7.66352379169699e-06,5.74764284377275e-07,0.000503876689304077,1.91588094792425e-07,0,0,0,0,1.91588094792425e-07,0,0.00389153738142373,0,1.91588094792425e-07,2.2990571375091e-06,0,2.10746904271667e-06,0,2.87382142188637e-06,0,0,0,0,3.44858570626365e-06,1.72429285313182e-06,1.34111666354697e-06,0,0,0,1.5327047583394e-06,0,0,0,0,0,0.000109205214031682,3.8317618958485e-07,0,0,0,0.00690751716964608,1.91588094792425e-07,0,0,0,0.00711558184059066,0
H4,6.87519402030583e-05,0.000918945424476809,0,0,0,0,0,0,0,4.66114848834293e-07,0,0,0,2.09751681975432e-06,1.00214692499373e-05,0,0,0,0,1.28181583429431e-05,0,0,0,0,1.39834454650288e-06,0,1.49156751626974e-05,0,0,0,0,1.1186756372023e-05,0.00699382024933416,0.00340916400437402,0,3.4958613662572e-06,0,0,0,0,1.56148474359488e-05,0,2.33057424417147e-07,1.39834454650288e-06,0.00195441956116219,0.000257528453980947,0.00042882566092755,2.5403259261469e-05,4.42809106392579e-06,0,4.19503363950864e-05,0.0203461462090413,1.60809622847831e-05,0.00371446923036048,0.000475204088386562,0,0.131071495492203,0.0887764671664039,0,0.00147898241535121,2.33057424417147e-07,0,1.67801345580346e-05,0.00368766762655251,0.00366226436729104,2.33057424417147e-05,0.00550644776670392,0.0995842721663247,2.09751681975432e-05,6.29255045926296e-06,4.66114848834293e-07,0,0.454148748435019,0.00156218391586813,1.39834454650288e-06,6.71205382321382e-05,0.0159213179490574,0,1.79454216801203e-05,0.0357477461016485,0.096795973140598,0.018514547910547,0,2.09751681975432e-05,0,1.86445939533717e-06,1.63140197092003e-06,0,0,2.47040869882175e-05,4.03189344241664e-05,0,0,0,2.33057424417147e-07,2.33057424417147e-07,4.33486809415893e-05,0,0,0,0,0,0,0,2.33057424417147e-07,4.66114848834293e-07,0,0,0,0,0,0,0,0,0,0,2.33057424417147e-07,1.39834454650288e-06,0,2.33057424417147e-07,0,0,0,0,0,0,4.66114848834293e-07,0,6.9917227325144e-07,0,0,0.000112799793417899,0,0,0,0,3.02974651742291e-06,0,0,4.24164512439207e-05,0,0.00031695809720732,0,0,2.09751681975432e-06,0,0,2.33057424417147e-07,0,0.00381701449710403,0,0,2.09751681975432e-06,0,9.32229697668587e-07,0,4.42809106392579e-06,0,0,0,0,4.26495086683378e-05,0,1.63140197092003e-06,0,0,0,2.33057424417147e-07,0,0,0,1.16528712208573e-06,0,0,5.84974135287038e-05,0,0,0,0.000111168391446979,0,0,0,0,4.19503363950864e-06,0
T1,4.39217314745124e-05,0.00124112165454493,6.65480779916855e-07,1.33096155983371e-06,0,0,0,0,0,1.33096155983371e-06,1.99644233975056e-06,6.65480779916855e-07,0,5.98932701925169e-06,2.12953849573394e-05,0,0,0,0,1.33096155983371e-05,0,0,0,1.99644233975056e-06,7.98576935900226e-06,0,2.66192311966742e-06,1.99644233975056e-06,0,0,0,1.73025002778382e-05,5.98932701925169e-05,0.000202306157094724,0,7.3202885790854e-06,1.33096155983371e-06,1.33096155983371e-06,0,0,8.65125013891911e-06,1.26441348184202e-05,3.99288467950113e-06,2.66192311966742e-06,3.46050005556765e-05,0.0471726050844063,0.00212953849573394,0,4.65836545941798e-06,1.92989426175888e-05,6.45516356519349e-05,0.0048999349825278,0,0.00104014645901004,5.98932701925169e-05,1.33096155983371e-06,0.0140423099370256,0.0450710167814288,0,0.00626749798525694,0,0,6.65480779916855e-06,3.32740389958427e-05,0.000677459433955358,0.00866921811997687,0.00036601442895427,0.0143557513843664,3.52704813355933e-05,3.99288467950113e-06,0,0,0.0131066439604625,0.000312110485781005,6.65480779916855e-07,0.000504434431176976,4.92455777138473e-05,0,0.000491124815578639,0.570559928873414,0.000395961064050529,0.00127439569354078,0,0,0,1.33096155983371e-06,1.92989426175888e-05,6.65480779916855e-07,0,0.00291946418149524,7.91922128101057e-05,6.65480779916855e-07,0,0,0,0,0.00502304892681242,0,0,0,6.65480779916855e-07,0,0,5.12420200535978e-05,0.0374632405054193,1.13131732585865e-05,1.59715387180045e-05,4.65836545941798e-06,0,1.99644233975056e-05,1.33096155983371e-06,2.66192311966742e-06,0,0,0,0,0,0,6.65480779916855e-07,0,0,1.99644233975056e-06,0,0,0,0,6.65480779916855e-07,0,5.32384623933484e-06,5.32384623933484e-06,1.33096155983371e-06,4.65836545941798e-06,2.26263465171731e-05,0,0,0,7.3202885790854e-06,1.99644233975056e-06,2.66192311966742e-06,6.65480779916855e-07,0.00506763613906685,3.92633660150944e-05,5.92277894126001e-05,0,0.00025820654260774,0,0,0,0,0.192818397615449,0,0,1.06476924786697e-05,0,6.65480779916855e-07,6.65480779916855e-07,9.31673091883597e-06,0,0,1.46405771581708e-05,0,0.000132430675203454,1.33096155983371e-06,1.99644233975056e-05,0,3.32740389958427e-06,0,0,0,0,0.00249821484780787,0.0153087198612073,0,0,1.99644233975056e-06,0,2.66192311966742e-06,0,0.00474021959534776,0,0,0,0,2.92811543163416e-05,0
T2,6.83485227873975e-06,0.000576338867151378,0,0,2.01025067021757e-07,0,0,0,0,2.01025067021757e-07,0,0,0,2.01025067021757e-06,7.43792747980502e-06,0,0,0,0,5.62870187660921e-06,0,2.01025067021757e-07,0,2.01025067021757e-07,6.03075201065272e-07,0,2.01025067021757e-07,6.03075201065272e-07,0,0,0,0.000137501145842882,8.72448790874427e-05,9.87033079076829e-05,0,1.4071754691523e-06,0,2.01025067021757e-07,0,0,2.61332587128285e-06,2.8143509383046e-06,4.02050134043515e-07,1.00512533510879e-06,8.44305281491381e-06,0.0231701492249278,0.00316775300612885,0,1.00512533510879e-06,0,4.02050134043515e-07,0.00089335539784469,0,0.000139913446647143,2.61332587128285e-06,0,0.00523127531910719,0.0253195092415244,2.01025067021757e-07,0.000807517694226399,0,0,2.01025067021757e-07,4.62357654150042e-06,0.000241632130560152,0.000668207322780321,0.000300532475197527,0.0677639418924982,7.81987510714636e-05,0,0,0,0.00361885325652568,2.87465845841113e-05,4.02050134043515e-07,0.000677655500930344,1.08553536191749e-05,0,0.00142386054971511,0.829012500542768,0.000111769937264097,7.6188500401246e-05,0,0,0,6.03075201065272e-07,4.02050134043515e-07,0,0,0.0015328161360409,2.09066069702628e-05,0,0,0,0,0,9.48838316342695e-05,0,0,0,6.03075201065272e-07,0,0,8.04100268087029e-07,0.00175836626123931,2.01025067021757e-06,0,2.01025067021757e-07,0,5.32716427607657e-05,0,2.01025067021757e-07,0,0,1.00512533510879e-06,0,0,0,0,4.02050134043515e-07,0,2.01025067021757e-07,0,0,0,0,2.01025067021757e-07,0,2.21127573723933e-06,1.60820053617406e-06,0,2.01025067021757e-07,1.20615040213054e-06,0,0,0,2.61332587128285e-06,6.03075201065272e-07,4.02050134043515e-07,0,0.00040265320924458,2.47260832436762e-05,1.00512533510879e-06,0,0.000510804695302285,3.41742613936987e-06,0,0,0,0.0275263624272892,0,0,1.20615040213054e-06,0,2.01025067021757e-07,0,3.81947627341339e-06,0,6.03075201065272e-07,8.04100268087029e-07,0,9.85022828406611e-06,6.03075201065272e-07,2.8143509383046e-06,0,1.00512533510879e-06,0,0,0,0,0.000728514842886849,0.00144959175829389,2.01025067021757e-07,0,6.03075201065272e-07,0,3.41742613936987e-06,0,0.00215719999421048,0,0,0,0,2.21127573723933e-06,0
T3,1.16153133780157e-05,0.000167951152898335,3.13927388595018e-07,0,0,0,0,0,0,3.13927388595018e-07,9.41782165785054e-07,6.27854777190036e-07,0,2.82534649735516e-06,1.22431681552057e-05,0,0,0,0,1.22431681552057e-05,3.13927388595018e-06,9.41782165785054e-07,0,3.13927388595018e-07,1.88356433157011e-06,0,1.56963694297509e-06,3.13927388595018e-07,0,0,0,6.34133324961936e-05,0.00205528261313158,9.38642891899104e-05,0,2.19749172016513e-06,9.41782165785054e-07,0,0,0,8.7899668806605e-06,2.19749172016513e-06,3.13927388595018e-07,8.16211210347047e-06,0.000100770691739001,0.141386617275424,0.0435323109764711,0,2.82534649735516e-06,2.82534649735516e-06,9.41782165785054e-07,0.00264358253935865,3.13927388595018e-07,0.000534618342777316,1.03596038236356e-05,0,0.0113619739754195,0.0331475929617479,0,0.000983848435856786,3.13927388595018e-07,0,3.13927388595018e-07,3.29623758024769e-05,0.00035599365866675,0.000427569103266415,0.000403710621733193,0.0559641494922224,0.000543094382269381,0,0,0,0.00686151093252131,4.39498344033025e-05,3.13927388595018e-07,0.000300428510885432,4.52055439576826e-05,0,0.00172377529077524,0.599979594719741,8.758574141801e-05,0.000150371219137014,0,0,0,3.13927388595018e-07,1.56963694297509e-06,3.13927388595018e-07,0,0.00123938533017313,6.27854777190036e-07,0,0,0,0,3.13927388595018e-07,0.000292266398781962,0,0,0,0,0,0,0,0.00375206014848765,1.56963694297509e-06,0,1.56963694297509e-06,3.13927388595018e-07,0.00136527021299973,0,0,0,0,3.13927388595018e-07,0,6.59247516049538e-06,0,0,0,0,0,0,0,3.13927388595018e-07,3.13927388595018e-07,0,0,4.67751809006577e-05,4.08105605173523e-06,0,6.27854777190036e-07,2.51141910876014e-06,0,0,0,6.27854777190036e-07,9.41782165785054e-07,1.56963694297509e-06,9.10389426925552e-06,4.52055439576826e-05,2.73116828077666e-05,6.59247516049538e-06,0,2.91952471393367e-05,0,0,0,0,0.085837793718313,0,0,7.84818471487545e-06,0,3.13927388595018e-07,0,1.00456764350406e-05,0,0,1.56963694297509e-06,0,2.22888445902463e-05,2.19749172016513e-06,7.53425732628043e-06,0,1.56963694297509e-06,0,1.25570955438007e-06,0,0,5.52512203927232e-05,0.0019027139022744,0,3.13927388595018e-07,4.39498344033025e-06,0,3.76712866314022e-06,0,0.0022178970004238,0,0,0,0,3.76712866314022e-06,0
T4,2.68097298846597e-05,0.000138435696131697,0,0,0,0,0,0,0,1.46234890279962e-06,0,1.94979853706616e-06,0,1.46234890279962e-06,2.38850320790604e-05,0,0,0,0,2.48599313475935e-05,1.51109386622627e-05,4.87449634266539e-07,0,4.87449634266539e-07,3.41214743986578e-06,0,5.84939561119847e-06,9.74899268533079e-07,0,0,0,8.0429189653979e-05,0.000637584121620634,0.000210090792368878,0,1.02364423195973e-05,0,4.87449634266539e-07,0,0,1.60858379307958e-05,5.36194597693193e-06,0,4.3383017449722e-05,0.000123324757469434,0.130754952244559,0.0779544078608078,0,4.87449634266539e-07,3.7046172204257e-05,2.58348306161266e-05,0.0099585960280654,0,0.00200341799683548,7.11676466029148e-05,0,0.0158854961311123,0.0200624520471422,0,0.00364904796211931,4.87449634266539e-07,0,4.87449634266539e-07,2.58348306161266e-05,0.00135998447960365,0.00368121963798091,0.000558617280869454,0.0358631319418921,6.7755499163049e-05,9.74899268533079e-07,0,0,0.00710652821797188,4.19206685469224e-05,9.74899268533079e-07,0.000148672138451295,6.38559020889167e-05,0,0.000170119922359022,0.529027625720572,0.00321278053945076,0.000149647037719828,0,4.87449634266539e-07,0,4.87449634266539e-07,4.87449634266539e-06,0,4.87449634266539e-07,0.00795469058159566,9.74899268533079e-07,0,0,0,0,4.87449634266539e-07,0.000277358841897661,0,0,0,0,0,0,0,0.0548746425775557,1.36485897594631e-05,4.87449634266539e-07,3.41214743986578e-06,3.89959707413232e-06,0.000759933979821535,0,0,0,0,1.94979853706616e-06,0,1.94979853706616e-06,0,0,0,0,0,4.87449634266539e-07,0,0,0,2.4372481713327e-06,0,0.000233488374813672,2.92469780559924e-06,9.74899268533079e-07,9.74899268533079e-07,1.41360393937296e-05,0,0,0,1.12113415881304e-05,0,4.87449634266539e-07,0,0.000278333741166194,3.36340247643912e-05,1.12113415881304e-05,0,0.000182793612849952,4.87449634266539e-07,0,0,0,0.0498446498015593,0,0,3.89959707413232e-06,0,2.92469780559924e-06,0,2.4372481713327e-06,0,0,7.79919414826463e-06,0,1.16987912223969e-05,2.72971795189262e-05,1.31611401251966e-05,0,1.94979853706616e-06,0,0,0,0,0.000563004327577853,0.0264368309144458,0,4.87449634266539e-07,9.26154305106425e-06,0,1.16987912223969e-05,0,0.0151289742987306,0,0,0,0,4.87449634266539e-06,0
T5,1.04585585768486e-05,0.000129809168218532,0,0,0,0,0,0,0,0,6.15209328049916e-07,1.23041865609983e-06,0,2.46083731219966e-06,3.07604664024958e-06,0,0,0,0,1.84562798414975e-06,6.15209328049916e-07,0,0,3.07604664024958e-06,1.23041865609983e-06,0,0,0,0,0,0,1.90714891695474e-05,0.000224551404738219,0.00014334377343563,0,1.04585585768486e-05,2.46083731219966e-06,1.84562798414975e-06,0,0,7.9977212646489e-06,4.30646529634941e-06,0,1.23041865609983e-05,4.49102809476438e-05,0.0724624307043593,0.0187423521790407,0,3.69125596829949e-06,6.45969794452411e-05,5.90600954927919e-05,0.00931365401734767,0,0.00381860429920583,2.52235824500465e-05,0,0.0179068979115489,0.0328915515148607,0,0.0065778181355097,0,0,1.53802332012479e-05,3.99886063232445e-05,0.00168874960549702,0.00651814283068886,0.000660119608997559,0.0212056503285525,7.01338633976904e-05,0,0,0,0.00795588703034151,0.000121196237625833,0,0.000342671595723803,0.000116274563001434,0,0.00900912539996296,0.696223168414169,0.000224551404738219,0.000524158347498528,0,0,0,6.15209328049916e-07,1.84562798414975e-06,0,0,0.0218854566360477,6.76730260854907e-06,0,0,0,0,0,0.00166106518573477,0,1.84562798414975e-06,0,0,0,0,7.07490727257403e-05,0.0039834803991232,7.38251193659899e-06,1.23041865609983e-06,0.000158108797308828,6.15209328049916e-07,3.69125596829949e-05,0,6.15209328049916e-07,0,0,1.23041865609983e-06,0,1.84562798414975e-06,0,0,0,0,6.15209328049916e-07,0,0,0,0,0,0,0.000359897456909201,0,0,0,7.38251193659899e-06,0,0,0,6.76730260854907e-06,0,1.23041865609983e-06,1.84562798414975e-06,0.00199204780422563,4.98319555720432e-05,4.92167462439933e-06,0,0.000163645681261278,6.15209328049916e-07,0,0,0,0.0227049154610102,0,0,6.15209328049916e-07,0,0,0,4.92167462439933e-06,0,0,1.23041865609983e-05,0,7.38251193659899e-06,3.07604664024958e-06,1.10737679048985e-05,0,0,0,0,0,0,0.00286010816610406,0.017267080210377,0,6.15209328049916e-07,5.53688395244924e-05,0,9.84334924879865e-06,0,0.0194307714171285,0,0,0,0,1.66106518573477e-05,0
T6,9.78661908194989e-06,6.36130240326743e-05,0,8.1555159016249e-07,0,0,0,8.1555159016249e-07,0,0,0,1.63110318032498e-06,0,2.44665477048747e-06,5.70886113113743e-06,0,0,0,0,5.70886113113743e-06,8.1555159016249e-07,0,0,3.26220636064996e-06,0,0,1.63110318032498e-06,0,0,0,8.1555159016249e-07,3.26220636064996e-05,0.000101943948770311,0.000185130210966885,0,4.07775795081245e-06,0,8.1555159016249e-07,0,0,1.46799286229248e-05,4.07775795081245e-06,0,4.4855337458937e-05,2.44665477048747e-05,0.0885786893107284,0.0741532127839343,0,3.26220636064996e-06,1.38643770327623e-05,4.56708890490995e-05,0.00633520475238223,0,0.00149898382271866,4.97486469999119e-05,0,0.0120147060262738,0.0410825958028453,0,0.00656029699126707,0,0,1.30488254425998e-05,2.60976508851997e-05,0.000837571483096878,0.00331032390446955,0.000956642015260601,0.00625120293859549,4.56708890490995e-05,9.78661908194989e-06,0,0,0.00931359915965564,0.000145168183048923,4.07775795081245e-06,0.000433873445966445,0.000530924085195781,0,0.00185701097079999,0.536232510496149,0.000258529854081509,0.000667121200752917,0,0,0,0,3.26220636064996e-06,0,0,0.00103004165837523,0.000133750460786648,0,0,0,0,0,0.0305301737777328,0,2.93598572458497e-05,0,0,0,0,3.83309247376371e-05,0.0316801015198619,7.33996431146241e-06,9.78661908194989e-06,1.63110318032498e-06,4.89330954097494e-06,2.44665477048747e-06,0,3.26220636064996e-06,0,0,1.63110318032498e-06,0,3.34376151966621e-05,0,0,0,0,0,0,0,0,8.1555159016249e-07,0,0,0.000624712518064468,0,8.1555159016249e-07,6.52441272129992e-06,0.000113361671032586,0,0,0,1.46799286229248e-05,0,8.1555159016249e-07,0,0.00352481397268228,0.000113361671032586,4.89330954097494e-06,8.1555159016249e-07,7.99240558359241e-05,0,0,0,0,0.0253497900770207,0,0,8.1555159016249e-07,0,0,0,2.44665477048747e-06,0,0,1.71265833934123e-05,0,2.03887897540623e-05,5.70886113113743e-06,1.38643770327623e-05,0,8.1555159016249e-07,0,8.1555159016249e-07,0,1.63110318032498e-06,0.00866360454229614,0.0311679351212399,0,0,0.000179421349835748,0,9.37884328686864e-05,0,0.0747322544129497,0,0,0,0,1.54954802130873e-05,0
